{
	"info": {
		"_postman_id": "e4fbaa83-d5ef-48ae-a966-f1f2e53ff842",
		"name": "PDF4me Api Collection",
		"schema": "https://schema.getpostman.com/json/collection/v2.1.0/collection.json"
	},
	"item": [
		{
			"name": "Convert to pdf",
			"request": {
				"method": "POST",
				"header": [
					{
						"key": "Authorization",
						"value": "Basic {{token}}",
						"type": "text"
					}
				],
				"body": {
					"mode": "formdata",
					"formdata": [
						{
							"key": "fName",
							"value": "file-sample.doc",
							"type": "text"
						},
						{
							"key": "file",
							"type": "file",
							"src": "TestData/Convert to PDF/file-sample.doc"
						}
					]
				},
				"url": {
					"raw": "https://api.pdf4me.com/Convert/ConvertFileToPdf",
					"protocol": "https",
					"host": [
						"api",
						"pdf4me",
						"com"
					],
					"path": [
						"Convert",
						"ConvertFileToPdf"
					]
				}
			},
			"response": []
		},
		{
			"name": "PdfA",
			"request": {
				"method": "POST",
				"header": [
					{
						"key": "Authorization",
						"value": "Basic {{token}}",
						"type": "text"
					}
				],
				"body": {
					"mode": "formdata",
					"formdata": [
						{
							"key": "pdfCompliance",
							"value": "pdfA1b",
							"type": "text"
						},
						{
							"key": "file",
							"type": "file",
							"src": "TestData/PdfA/file-sample.pdf"
						}
					]
				},
				"url": {
					"raw": "https://api.pdf4me.com/PdfA/CreatePdfA",
					"protocol": "https",
					"host": [
						"api",
						"pdf4me",
						"com"
					],
					"path": [
						"PdfA",
						"CreatePdfA"
					]
				}
			},
			"response": []
		},
		{
			"name": "Optimize",
			"request": {
				"method": "POST",
				"header": [
					{
						"key": "Authorization",
						"value": "Basic {{token}}",
						"type": "text"
					}
				],
				"body": {
					"mode": "formdata",
					"formdata": [
						{
							"key": "profile",
							"value": "max",
							"type": "text"
						},
						{
							"key": "file",
							"type": "file",
							"src": "TestData/Optimize/file-sample.pdf"
						}
					]
				},
				"url": {
					"raw": "https://api.pdf4me.com/Optimize/OptimizeByProfile",
					"protocol": "https",
					"host": [
						"api",
						"pdf4me",
						"com"
					],
					"path": [
						"Optimize",
						"OptimizeByProfile"
					]
				}
			},
			"response": []
		},
		{
			"name": "Stamp",
			"request": {
				"method": "POST",
				"header": [
					{
						"key": "Authorization",
						"value": "Basic {{token}}",
						"type": "text"
					}
				],
				"body": {
					"mode": "formdata",
					"formdata": [
						{
							"key": "text",
							"value": "test 123",
							"type": "text"
						},
						{
							"key": "pages",
							"value": "1,3",
							"type": "text"
						},
						{
							"key": "alignX",
							"value": "center",
							"type": "text"
						},
						{
							"key": "alignY",
							"value": "middle",
							"type": "text"
						},
						{
							"key": "file",
							"type": "file",
							"src": "TestData/Stamp/file-sample.pdf"
						}
					]
				},
				"url": {
					"raw": "https://api.pdf4me.com/Stamp/TextStamp",
					"protocol": "https",
					"host": [
						"api",
						"pdf4me",
						"com"
					],
					"path": [
						"Stamp",
						"TextStamp"
					]
				}
			},
			"response": []
		},
		{
			"name": "Split",
			"request": {
				"method": "POST",
				"header": [
					{
						"key": "Authorization",
						"value": "Basic {{token}}",
						"type": "text"
					}
				],
				"body": {
					"mode": "formdata",
					"formdata": [
						{
							"key": "pageNr",
							"value": "2",
							"type": "text"
						},
						{
							"key": "integrations",
							"value": "test",
							"type": "text"
						},
						{
							"key": "file",
							"type": "file",
							"src": "TestData/Split/file-sample.pdf"
						}
					]
				},
				"url": {
					"raw": "https://api.pdf4me.com/Split/SplitByPageNr",
					"protocol": "https",
					"host": [
						"api",
						"pdf4me",
						"com"
					],
					"path": [
						"Split",
						"SplitByPageNr"
					]
				}
			},
			"response": []
		},
		{
			"name": "Split reccuring",
			"request": {
				"method": "POST",
				"header": [
					{
						"key": "Authorization",
						"value": "Basic {{token}}",
						"type": "text"
					}
				],
				"body": {
					"mode": "formdata",
					"formdata": [
						{
							"key": "pageNr",
							"value": "1",
							"type": "text"
						},
						{
							"key": "integrations",
							"value": "test2",
							"type": "text"
						},
						{
							"key": "file",
							"type": "file",
							"src": "TestData/Split Reccuring/file-sample.pdf"
						}
					]
				},
				"url": {
					"raw": "https://api.pdf4me.com/Split/SplitRecurring",
					"protocol": "https",
					"host": [
						"api",
						"pdf4me",
						"com"
					],
					"path": [
						"Split",
						"SplitRecurring"
					]
				}
			},
			"response": []
		},
		{
			"name": "Extract",
			"request": {
				"method": "POST",
				"header": [
					{
						"key": "Authorization",
						"value": "Basic {{token}}",
						"type": "text"
					}
				],
				"body": {
					"mode": "formdata",
					"formdata": [
						{
							"key": "pageNrs",
							"value": "2",
							"type": "text"
						},
						{
							"key": "file",
							"type": "file",
							"src": "TestData/Extract/file-sample.pdf"
						}
					]
				},
				"url": {
					"raw": "https://api.pdf4me.com/Extract/ExtractPages",
					"protocol": "https",
					"host": [
						"api",
						"pdf4me",
						"com"
					],
					"path": [
						"Extract",
						"ExtractPages"
					]
				}
			},
			"response": []
		},
		{
			"name": "Merge",
			"request": {
				"method": "POST",
				"header": [
					{
						"key": "Authorization",
						"value": "Basic {{token}}",
						"type": "text"
					}
				],
				"body": {
					"mode": "formdata",
					"formdata": [
						{
							"key": "file1",
							"type": "file",
							"src": "TestData/Merge/file-sample1.pdf"
						},
						{
							"key": "file2",
							"type": "file",
							"src": "TestData/Merge/file-sample2.pdf"
						}
					]
				},
				"url": {
					"raw": "https://api.pdf4me.com/Merge/Merge2Pdfs",
					"protocol": "https",
					"host": [
						"api",
						"pdf4me",
						"com"
					],
					"path": [
						"Merge",
						"Merge2Pdfs"
					]
				}
			},
			"response": []
		},
		{
			"name": "CreateImages",
			"request": {
				"method": "POST",
				"header": [
					{
						"key": "Authorization",
						"value": "Basic {{token}}",
						"type": "text"
					}
				],
				"body": {
					"mode": "formdata",
					"formdata": [
						{
							"key": "width",
							"value": "500",
							"type": "text"
						},
						{
							"key": "pageNrs",
							"value": "1,4",
							"type": "text"
						},
						{
							"key": "imageFormat",
							"value": "jpg",
							"type": "text"
						},
						{
							"key": "file",
							"type": "file",
							"src": "TestData/Create Images/file-sample.pdf"
						}
					]
				},
				"url": {
					"raw": "https://api.pdf4me.com/Image/CreateThumbnails",
					"protocol": "https",
					"host": [
						"api",
						"pdf4me",
						"com"
					],
					"path": [
						"Image",
						"CreateThumbnails"
					]
				}
			},
			"response": []
		},
		{
			"name": "Rotate",
			"request": {
				"method": "POST",
				"header": [
					{
						"key": "Authorization",
						"value": "Basic {{token}}",
						"type": "text"
					}
				],
				"body": {
					"mode": "formdata",
					"formdata": [
						{
							"key": "pageNr",
							"value": "2",
							"type": "text"
						},
						{
							"key": "rotate",
							"value": "clockwise",
							"type": "text"
						},
						{
							"key": "file",
							"type": "file",
							"src": "TestData/Rotate/file-sample.pdf"
						}
					]
				},
				"url": {
					"raw": "https://api.pdf4me.com/PdfA/RotatePage",
					"protocol": "https",
					"host": [
						"api",
						"pdf4me",
						"com"
					],
					"path": [
						"PdfA",
						"RotatePage"
					]
				}
			},
			"response": []
		},
		{
			"name": "Protect",
			"request": {
				"method": "POST",
				"header": [
					{
						"key": "Authorization",
						"value": "Basic {{token}}",
						"type": "text"
					}
				],
				"body": {
					"mode": "formdata",
					"formdata": [
						{
							"key": "password",
							"value": "1234",
							"type": "text"
						},
						{
							"key": "permissions",
							"value": "all",
							"type": "text"
						},
						{
							"key": "file",
							"type": "file",
							"src": "TestData/Protect/file-sample.pdf"
						}
					]
				},
				"url": {
					"raw": "https://api.pdf4me.com/PdfA/ProtectDocument",
					"protocol": "https",
					"host": [
						"api",
						"pdf4me",
						"com"
					],
					"path": [
						"PdfA",
						"ProtectDocument"
					]
				}
			},
			"response": []
		},
		{
			"name": "Validate",
			"request": {
				"method": "POST",
				"header": [
					{
						"key": "Authorization",
						"value": "Basic {{token}}",
						"type": "text"
					}
				],
				"body": {
					"mode": "formdata",
					"formdata": [
						{
							"key": "pdfCompliance",
							"value": "pdfA1a",
							"type": "text"
						},
						{
							"key": "file",
							"type": "file",
							"src": "TestData/Validtae/file-sample.pdf"
						}
					]
				},
				"url": {
					"raw": "https://api.pdf4me.com/PdfA/ValidateDocument",
					"protocol": "https",
					"host": [
						"api",
						"pdf4me",
						"com"
					],
					"path": [
						"PdfA",
						"ValidateDocument"
					]
				}
			},
			"response": []
		},
		{
			"name": "Repair Document",
			"request": {
				"method": "POST",
				"header": [
					{
						"key": "Authorization",
						"value": "Basic {{token}}",
						"type": "text"
					}
				],
				"body": {
					"mode": "formdata",
					"formdata": [
						{
							"key": "file",
							"type": "file",
							"src": "TestData/Repair Document/file-sample.pdf"
						}
					]
				},
				"url": {
					"raw": "https://api.pdf4me.com/PdfA/RepairDocument",
					"protocol": "https",
					"host": [
						"api",
						"pdf4me",
						"com"
					],
					"path": [
						"PdfA",
						"RepairDocument"
					]
				}
			},
			"response": []
		},
		{
			"name": "Read Barcodes",
			"request": {
				"method": "POST",
				"header": [
					{
						"key": "Authorization",
						"value": "Basic {{token}}",
						"type": "text"
					}
				],
				"body": {
					"mode": "formdata",
					"formdata": [
						{
							"key": "barcodeType",
							"value": "all",
							"type": "text"
						},
						{
							"key": "file",
							"type": "file",
							"src": "TestData/Read Barcode/file-sample.pdf"
						}
					]
				},
				"url": {
					"raw": "https://api.pdf4me.com/Barcode/ReadBarcodesByType",
					"protocol": "https",
					"host": [
						"api",
						"pdf4me",
						"com"
					],
					"path": [
						"Barcode",
						"ReadBarcodesByType"
					]
				}
			},
			"response": []
		},
		{
			"name": "Convert From Pdf",
			"request": {
				"method": "POST",
				"header": [
					{
						"key": "Authorization",
						"value": "Basic {{token}}",
						"type": "text"
					}
				],
				"body": {
					"mode": "formdata",
					"formdata": [
						{
							"key": "outputFormat",
							"value": "docX",
							"type": "text"
						},
						{
							"key": "file",
							"type": "file",
							"src": "TestData/Convert from PDF/file-sample.pdf"
						}
					]
				},
				"url": {
					"raw": "https://api.pdf4me.com/ConvertFromPdf/ConvertFromPdfByType",
					"protocol": "https",
					"host": [
						"api",
						"pdf4me",
						"com"
					],
					"path": [
						"ConvertFromPdf",
						"ConvertFromPdfByType"
					]
				}
			},
			"response": []
		},
		{
			"name": "Ocr",
			"request": {
				"method": "POST",
				"header": [
					{
						"key": "Authorization",
						"value": "Basic {{token}}",
						"type": "text"
					}
				],
				"body": {
					"mode": "formdata",
					"formdata": [
						{
							"key": "fName",
							"value": "file-sample.pdf",
							"type": "text"
						},
						{
							"key": "file",
							"type": "file",
							"src": "TestData/OCR/file-sample.pdf"
						}
					]
				},
				"url": {
					"raw": "https://api.pdf4me.com/Ocr/ConvertOcrPdf",
					"protocol": "https",
					"host": [
						"api",
						"pdf4me",
						"com"
					],
					"path": [
						"Ocr",
						"ConvertOcrPdf"
					]
				}
			},
			"response": []
		}
	],
	"event": [
		{
			"listen": "prerequest",
			"script": {
				"type": "text/javascript",
				"exec": [
					""
				]
			}
		},
		{
			"listen": "test",
			"script": {
				"type": "text/javascript",
				"exec": [
					""
				]
			}
		}
	],
	"variable": [
		{
			"key": "token",
			"value": "----Replace your API Key----"
		}
	]
}